MECTO;fasdfdsaf;sdfs;sdfsafsdfsaf
MECTO1;55.7732152396152;37.6770233741112;ewrewr
MECTO3;55.7662214779382;37.6796430953028;sdaf-sadfsaf
MECTO5;55.7603322090502;37.7497379583972;sdaf-safddsdafasd
MECTO7;55.7732152396152;37.6770233741112;sdaf-dsfgdfgfd
MECTO5;55.7603322090502;37.7497379583972;sdaf-dsfgdsfgdsfdsg
MECTO6;55.7712970495817;37.5997874480911;sadf-dsfgdsfgsdfgfdsgsdfg
